{
    "best_model": "Decision Tree",
    "models": {
        "Logistic Regression": {
            "accuracy": 0.981089258698941,
            "precision": 0.0,
            "recall": 0.0,
            "f1_score": 0.0,
            "confusion_matrix": [
                [
                    1297,
                    0
                ],
                [
                    25,
                    0
                ]
            ],
            "roc_auc": 0.8224518118735545
        },
        "Decision Tree": {
            "accuracy": 0.9826021180030258,
            "precision": 0.5625,
            "recall": 0.36,
            "f1_score": 0.43902439024390244,
            "confusion_matrix": [
                [
                    1290,
                    7
                ],
                [
                    16,
                    9
                ]
            ],
            "roc_auc": 0.8624209714726291
        },
        "Random Forest": {
            "accuracy": 0.981089258698941,
            "precision": 0.0,
            "recall": 0.0,
            "f1_score": 0.0,
            "confusion_matrix": [
                [
                    1297,
                    0
                ],
                [
                    25,
                    0
                ]
            ],
            "roc_auc": 0.8154818812644564
        },
        "Gradient Boosting": {
            "accuracy": 0.9856278366111951,
            "precision": 0.75,
            "recall": 0.36,
            "f1_score": 0.4864864864864865,
            "confusion_matrix": [
                [
                    1294,
                    3
                ],
                [
                    16,
                    9
                ]
            ],
            "roc_auc": 0.825165767154973
        },
        "Neural Network": {
            "accuracy": 0.9848714069591528,
            "precision": 0.631578947368421,
            "recall": 0.48,
            "f1_score": 0.5454545454545454,
            "confusion_matrix": [
                [
                    1290,
                    7
                ],
                [
                    13,
                    12
                ]
            ],
            "roc_auc": 0.8123053199691596
        }
    }
}